{"cameraMode":{"drawMode":0,"name":"Shaded","section":"Shading Mode"},"sceneLighting":false,"audioPlay":false,"sceneViewState":{"m_AlwaysRefresh":false,"showFog":true,"showSkybox":false,"showFlares":true,"showImageEffects":true,"showParticleSystems":true,"showVisualEffectGraphs":true,"m_FxEnabled":true},"in2DMode":false,"pivot":{"x":-11.289432525634766,"y":2.84759521484375,"z":2.5707130432128908},"rotation":{"x":-0.03328124061226845,"y":0.036568522453308108,"z":-0.0012188715627416969,"w":-0.9987773895263672},"size":4.252678394317627,"orthographic":false}