{"cameraMode":{"drawMode":0,"name":"Shaded","section":"Shading Mode"},"sceneLighting":false,"audioPlay":false,"sceneViewState":{"m_AlwaysRefresh":false,"showFog":true,"showSkybox":false,"showFlares":true,"showImageEffects":true,"showParticleSystems":true,"showVisualEffectGraphs":true,"m_FxEnabled":true},"in2DMode":false,"pivot":{"x":0.6025810241699219,"y":0.3335828185081482,"z":8.512353897094727},"rotation":{"x":-0.0767303854227066,"y":-0.00987324770539999,"z":0.0007597050862386823,"w":-0.9970031380653381},"size":1.634892463684082,"orthographic":false}