{"cameraMode":{"drawMode":0,"name":"Shaded","section":"Shading Mode"},"sceneLighting":false,"audioPlay":false,"sceneViewState":{"m_AlwaysRefresh":false,"showFog":true,"showSkybox":false,"showFlares":true,"showImageEffects":true,"showParticleSystems":true,"showVisualEffectGraphs":true,"m_FxEnabled":true},"in2DMode":false,"pivot":{"x":-11.881810188293457,"y":2.0394198894500734,"z":2.6951591968536379},"rotation":{"x":0.05540717393159866,"y":0.547233521938324,"z":-0.03634033352136612,"w":0.8343538045883179},"size":3.0564305782318117,"orthographic":false}